link,marketplace,name,brand,size,currentPrice,previousPrice,department,color,shippingCharge
https://www.ebay.com/itm/Size-10-adidas-Yeezy-Boost-350-V2-Clay-2019/254922625452?epid=20039806556&_trkparms=ispr%3D1&hash=item3b5a9291ac:g:gdgAAOSwbgNgMqoA&amdata=enc%3AAQAFAAACcBaobrjLl8XobRIiIML1V4Imu%252Fn%252BzU5L90Z278x5ickkrDx%252B2NLp21dg6hHbHAkGMaI78HB%252FX060gd43YxQwRYhUeft1Nr3VE68JbcV6MY4k%252FRA%252F02%252BvDWIfeBzTWQyT04K9cy95e56s2Q1Op9IKd81dO0OfywBdUb9AS4mtnM3ToKhbk22dlz1uX%252Be%252FOsYu7jDL1P7ASrcoiJwKlpsXQsCIYNywHHSJyZA3wT8pX5%252FG%252FtufCTt%252FisRsiWsbr106MMRUkIaidwKd6szNCDjRbaxHz9bikSTLQCglWcWMSlifIt0pTgsi8JhGURlchHb4ysAISnVGm4aW0YRQK1an3T65SdGfmfv9yE5NOB%252F4KFJOAYywbCD%252Fh%252B5v1%252F%252B3NT2vBTZt7cJXNuFa8imZfrQQzsyNXUds%252BFduZyWjAgLC6uHE24sVnVxyUTZnWoFzlZlpOZMYELm8P3DDcAOOk1MXKenXwNmKdhBMikpbQhBzwIq7RK7bnUTEF3zxnfutUin1uP9YjpjzIescs5ywN2b%252Bn%252BC0lX2Jew4MJGRTBGxZwnMTcoSFquXOEzNSpzZwAxwFNJHrdKuVX6QQ9LINWNnVIS3HiMH8AZD8ta%252B1zadTtYGmYZRB5vXOMNou7eVEg53FSDlTGDU%252F10BkIOXk5N8JYHbRftfUs1lL8uAeCt1%252FZYj6pkW%252FilHZfcR95EpK186%252F0cwX%252FjmhA3nFexaNPRPRap6CdYsf2LmsVRfONNYoiJ0DjZ5oTlL6LeWf%252FdDdgbV%252B9ioy9K%252FU3V5jD5OfXyJnpzcvQCE%252FGZoPe6NC7E%252B3tedgEqFkjFlGvSkLnYP9majOEg%253D%253D%7Ccksum%3A254922625452bc2136cebea048d68c5e436ba0d5868f%7Campid%3APL_CLK%7Cclp%3A2334524,ebay,Size 10 - adidas Yeezy Boost 350 V2 Clay 2019,addidas,,$180.00,,Men,Clay,+$21.00 shipping
https://www.ebay.com/itm/Men-10US-Adidas-Superstar-35Th-Andy-Warhol-56711/174699169933?_trkparms=ispr%3D1&hash=item28ace1c88d:g:a4EAAOSw3JJgWMFH&amdata=enc%3AAQAFAAACcBaobrjLl8XobRIiIML1V4Imu%252Fn%252BzU5L90Z278x5ickkSG%252BOFgrj2Yvbvmrj2TAdM7urxmejqxRjGYxCsl4EQ%252B8l8vDR8t392nPXlD8Eqp55ZuatwvkQdnqkZWX4YHxX2BcM%252BYaiNgtrWw1rxfTi73FMhAEhGz4BEeqG%252BvOIXcHzJVvI%252FZV5ke%252BDf42ETZDp57KYADbPMQgyWh8lCV%252BwhVBkbdM9dmedTiYfcH75AipNQl1oZymtJPaMLwDq%252FOAduT5sbiAi%252BJS8%252BdAOVfL6%252BOuLW%252BmSQcHICb0jHmkdW5lsAHo1TkdV%252B2m9xG0Kw8Sv1dycOfpLLD9hneB9hcFaCM17RYDCy3z0xaDeIYE2sVZa60H1gPY%252B%252BHQnO%252B46YuClmVRdwvOyj%252BnnRJWGgb8RDwNyN8B0b2%252FXTAO%252BAYMX6phuRsDsjTbmCJGU0B8BKWnU%252FyMa1g5wq8J5NE47z7ezrnvHcYeRimo1xH3%252B1fPKzg%252FCjUobAB4uEK1L4aGQI9f4nyZiiHJWT7Zjgr6gmKjiNTAIQTCSjyyD1gvApf01FMP2e%252BifwrR%252BcHECtM6I1qFzd9Gne7BeZEKqU3OjxN5xCF3ZTPcZ59ApDqNyObIVbFYDQkwF8tAFSj40VMDGuYernZsQhyOezHbQxioPMi%252FN7TYa7A7pqlVwb%252BKjCCyJxGfa3hNkI0YzEtmdg%252FeVA8eTj%252FSDO4Lt%252BUq9Ccidfu4%252BVpumo850nDQzG%252BwZHt1ug5iCMON7G4Y3fw6ug8Tw0RZVK6N0ImpcvQSdIduB5FWCRz5q57efl9BON74B4wNKvV4nP4%252FpqNrh3PEc8TGU4dm4pg%253D%253D%7Ccksum%3A174699169933bc2136cebea048d68c5e436ba0d5868f%7Campid%3APL_CLK%7Cclp%3A2334524,ebay,Men 10US Adidas Superstar 35Th Andy Warhol _56711,addidas,NA,$214.38,,NA,NA,Free International Shipping
https://www.ebay.com/itm/Men-9-5US-Alife-Adidas-Rare-Models-Aredo-Quattro-56512/174699169720?_trkparms=ispr%3D1&hash=item28ace1c7b8:g:EXUAAOSwAL9gWMFH&amdata=enc%3AAQAFAAACcBaobrjLl8XobRIiIML1V4Imu%252Fn%252BzU5L90Z278x5ickkSG%252BOFgrj2Yvbvmrj2TAdM7nn4G05WnBDA%252FXrYU2wssBgWl8NG1o8eYmrUjZ8nNEmL9BvC7JTvTO3ZvqqG%252BWfSUZjX2HqTtM6FsWzuwz3YpgPS1S%252BEuppSRqL0ANxRNnR37W0YG2ND0cgkFPvFW1VmsKsPYYfLO%252Bjc654dx9igwep8PnXud9QBHOyegH56CkNSGkH%252F6UqkNVK2hb6c%252B9iIIndzRE2BSJVoJ8ag3MIjCCkaXXKxs6JWlVWdnfE29wshFDwj6dRnFx0AEEwYkumvWhtfPyNZZ4SSiWe2DTDY6uvjeO4LI6VwSR6Y9%252BegjZXeAvhem6hK8V29BOfzJ4r1GW%252F91I17DS%252BiqsowdNJhfF8sGCGg8ss5OeVHjc5s9nHY464Nhh7QGlcRfNqaSrrNlV2eDyTptMZJDdLssc6sVTNvDHVsmDCZJSqTM%252BKe%252F%252Bni3HK5ddRQtrFol8O%252B1QGLYfwnEJKhCHBmlY8miCj6bfwhUMh0NheUt0JGFFhZYnHyxZ2A1n8AjcjnMjxDzc9Ysg7inLsDv7SHi%252BK5rUTY0dbv2ZEaMqNmGVGFlIJ0O9pgLthwEcWJBqQALWQHKDFw5bzWv3vc3RY323D0dJO67ie%252Bnz4vKIJI%252BChl7RJrrxL7kvqHBEduiTLVyI27eBxvB%252BXHJ7LuAMJstEwPsC7rpL%252BzQVUxM0QG2TeUAlNkhhzeR%252BcjfiznBDY3rzD4qrYZk%252BOpSicjSa22C1sOKLGr%252BDqeLEr3se8CkTzy0Lbtv9t1YgNkg6dq9If34xcAs372g%253D%253D%7Ccksum%3A174699169720bc2136cebea048d68c5e436ba0d5868f%7Campid%3APL_CLK%7Cclp%3A2334524,ebay,Men 9.5US Alife Adidas Rare Models Aredo Quattro _56512,addidas,NA,$212.78,,NA,NA,Free International Shipping
https://www.ebay.com/itm/MENS-SIZE-8-ADIDAS-SHOES-I-5923-COMFORT-LIFE-SNEAKERS-GIFT-ORIGINALS-D96605-SZ/154396065946?epid=15039798139&_trkparms=ispr%3D1&hash=item23f2b9009a:g:ZaQAAOSwSK5fvwqR&amdata=enc%3AAQAFAAACcBaobrjLl8XobRIiIML1V4Imu%252Fn%252BzU5L90Z278x5ickkxGz2ccqatkEnoeekHqhLkSRkMlF9SXPlqtxfFhd0pWIemQux%252BVcg%252FNzenHDiC08FVeumFW6ZM5sOqVE6W6L0H5DbFn8wl0Jt75l7fnH2fl2inahIEV9eVPbnGlIRLbHn6gz5SmUif1YdRMx2wyHLC%252FUBA4Gfu1mFhHMjnLZZezDuZw65JTwDdeNlysBqkta3k4WMKta%252Ff8UD93ZtwD2W2zi7QzO46aDhmEMHT0Ia0x3uymQpg449XzPp8KvhqSCR%252FPVLumePMMLbN4ERbFv%252BSzBGv7B%252BBci90qaHIpgZIokckkMqCRazSVYmu%252FjdCYk%252Bl9phuvuzqV38cz26epJlKrBgvYQ1eQlxMqcPZwVd3lYq1MvqTqeWrXNkbDw1vBwWb%252FbYCyV7cGGPpX3ibryTDmJJOA%252FuT%252B8kdTfU01qstwcXfhEo5AfhAiLhWCmt9Q5teb0m%252Fv4FL0zYm2uU9f15E4XrRTaaV0YYGiKmPlF0sMS%252B%252BFsd0rAZR5QMYtuMMuaPdQ981eFtigFD6NpGBDY9MBKhv%252FoAGsnUL9Rx20tGGFu5WyW8%252B8fRVtF%252BOEAY2opiSOERYkE642LWc4ayqtOTvlnnA5D01Xt1CH0sOae0r9WIqs3oKtexFFMvM9udWY858NEdDBRxH%252FwD%252FSaqwFUysqf3yqtenW2i%252BpjNWXSk3zZQnbwwUsX98NTXhJuQKDIe2487urfruXdhWgFT90cvG46aKE6G19b9OqObuaWStC4hOdopABayo%252BCkjORJt49%252F9VUh2w0ilW5k3Ps0kXnehA%253D%253D%7Ccksum%3A154396065946bc2136cebea048d68c5e436ba0d5868f%7Campid%3APL_CLK%7Cclp%3A2334524,ebay,MENS SIZE 8 ADIDAS SHOES I-5923 COMFORT LIFE SNEAKERS GIFT ORIGINALS D96605 SZ,addidas,AU 8,$54.85,,Men,Blue,+$41.50 shipping
https://www.ebay.com/itm/adidas-Terrex-Voyager-21-Shoes-in-Green-and-Black/154396095424?hash=item23f2b973c0:g:gHEAAOSwkKhgY5YH,ebay,adidas Terrex Voyager 21 Shoes in Green and Black,addidas,Standard,$123.92,,Men,Green/Black/Brown,+$20.64 shipping
https://www.ebay.com/itm/adidas-Originals-ZX-750-Grey/133682830911?_trkparms=ispr%3D1&hash=item1f201e1e3f:g:jDQAAOSwVQhgQRIn&amdata=enc%3AAQAFAAACcBaobrjLl8XobRIiIML1V4Imu%252Fn%252BzU5L90Z278x5ickkBUIiHwYv5YgVss0WaiENz16g%252BkO%252B%252BGvWYXQohrXgHk31cpE7%252BE2QHgzaUgOvh5P5oo4gHqZOjgtKVNWYjlTQWBp9RWxNjS3McBBt5HJFFwwpkBRTwkO1YmyOi0vQ4N9AUiF54lHLtcRVhEbXjGbhVtVMZ0uxdyZGF937%252FKoT9ZF%252BMDTTkK%252B%252BtNsDW2eGQEbY5CpAjPNiHwxj4kuJ8Ao8bGOat0XtZOBRmzDlEiEQ%252Fg0l3gQBnvt47Oox491Lp%252BYT8AubSb2%252B%252FObJpLHEDbavbusyb3hePhcpVD4m5%252B3xGBXqafPQ%252BNnHrWmRN5ZYEIVVJkaHTXwtazw81mlIaWdB7DrNCVurgz7KxLYRCN1%252FvSghZlOjyicHP4G%252BKAOk5qOUM9k6Wdw4Sbm6Eg4wiUuzSwMLRvaSZDdQbjjoxTMASOdSJY4Nfw4R0zkHPHajXIh9zMw%252B%252B4n8oQVtezC6DwyXwPnTy7kdVnLYAedg7ilZFJ%252Fl%252BV4qnLCcO%252BNkz6oTj%252FJwk3eKDLviCA16Mb%252FI49NOLppRJsbFC5AGVhkFLDRDXXAGlydcz3lsxmbnnC8dljqrFx9yWxR3wmlk1nnldYkTYNP%252FNgazVS17jNarn%252BPxR8cuh499o8JWar5tM%252FJ02B23TY9LXyK8BQ%252BkZYw%252FBRED9y7siCuAM0QtqbbIl2hG3J6iAnYKQBSqk05t1Lw4h7BDogn0wdyJ5i8Rl5CbZyBXys5C2dSKo8rUWm3bdDtHPkrCYY%252FuMoLTmfxf0t39tykJSsLeH6Ran6vgHA17ZxLAbQ%253D%253D%7Ccksum%3A133682830911bc2136cebea048d68c5e436ba0d5868f%7Campid%3APL_CLK%7Cclp%3A2334524,ebay,adidas Originals ZX 750 Grey,addidas,,$150.08,,Men,Grey,+$31.66 shipping
https://www.ebay.com/itm/Mens-Adidas-Zx-8000-Trainers-Size-10-5/294093438812?hash=item447955bf5c:g:R80AAOSwr15f6dDJ,ebay,Mens Adidas Zx 8000 Trainers Size 10.5,addidas,UK 10.5,$220.33,,Men,Blue,+$27.54 shipping
https://www.ebay.com/itm/adidas-Originals-Atlantic-MK-2-Shoes-in-White-and-Navy/154396051611?hash=item23f2b8c89b:g:OSkAAOSw98BgY4sU,ebay,adidas Originals Atlantic MK 2 Shoes in White and Navy,addidas,Standard,$110.15,,Men,White/Navy,+$20.64 shipping
https://www.ebay.com/itm/adidas-Originals-Atlantic-MK-2-Shoes-in-Blue-and-Grey/154396134861?hash=item23f2ba0dcd:g:sEIAAOSwfd5gY41I,ebay,adidas Originals Atlantic MK 2 Shoes in Blue and Grey,addidas,Standard,$150.71,,Men,Grey/Blue,Free International Shipping
https://www.ebay.com/itm/adidas-Originals-Atlantic-MK-2-Shoes-in-White-and-Navy/154396134891?hash=item23f2ba0deb:g:OSkAAOSw98BgY4sU,ebay,adidas Originals Atlantic MK 2 Shoes in White and Navy,addidas,Standard,$150.71,,Men,White/Navy,Free International Shipping
https://www.ebay.com/itm/Adidas-NMD-R1-The-Brand-With-The-Three-Stripes-Whiteout/233947884482?hash=item3678616bc2:g:Ji4AAOSwARZXnMlp,ebay,"Adidas NMD R1 ""The Brand With The Three Stripes"" - Whiteout",addidas,,$206.54,,Men,White,+$68.85 shipping
https://www.ebay.com/itm/Adidas-Yeezy-700-V3-Kyanit-Blue-Size-5UK-Brand-New-in-Box/203327635037?hash=item2f57457e5d:g:na0AAOSwFwlgY3Nf,ebay,Adidas Yeezy 700 V3 'Kyanit' Blue Size 5UK Brand New in Box,addidas,UK 5,$330.49,,Men,Blue,+$27.53 shipping
https://www.ebay.com/itm/Adidas-Originals-Run-70s-Retro-Style-Knit-Athletic-Shoes-8/154396096070?hash=item23f2b97646:g:O58AAOSwPKNgNBhP,ebay,Adidas Originals Run 70's Retro Style Knit Athletic Shoes 8,addidas,D,$14.99,,Men,Red,+$48.00 shipping
https://www.ebay.com/itm/adidas-Originals-Mens-D-Rose-11-Mens-Trainers-in-Black-and-Gold/154396134858?hash=item23f2ba0dca:g:HMUAAOSwB5VgY5Dl,ebay,adidas Originals Men's D Rose 11 Mens Trainers in Black and Gold,addidas,Standard,$232.01,,Men,Black/Gold,Free International Shipping
https://www.ebay.com/itm/adidas-Originals-Mens-Top-Ten-High-shoes-white/154370174284?_trkparms=ispr%3D1&hash=item23f12ded4c:g:n2QAAOSwz19gTN5g&amdata=enc%3AAQAFAAACcBaobrjLl8XobRIiIML1V4Imu%252Fn%252BzU5L90Z278x5ickkxGz2ccqatkEnoeekHqhLkcfjgorppDBSa1uzlSGCO6sXGRY0lsAqcdldRxA4IQkzZu1v5nukYvwf6b88Mfuj8UIYiyxTiokSj%252FFzK3u%252F0%252FstuLK4Eeox5CzEdqV90b5Cjdpc5bIIEIV7m5Mj9FMHGS707QjVLKmHlfpBPbKvN30EmtKrsa5TYmnAJIsi1xc5OGYMIKlMdSlZW4VUbpG5Of43hJ%252FeJhBEMyzkyD8huNsWa%252B%252BELEF5W5d7A126qr%252BvWIoW%252Fq7iF8PSrveEq0cNLkUmyNY6h4HJowvXzCq10XbfVDuNnWsvPPeDTGGAc%252BY%252FNKviPXRG4d2iGPNuZxq1XqJ9vwa6bIteHgEsWt8cgK7I1eoOeRmJ2ZUQ%252FZ8qR1i7Zg6dFu12krVhcWCMNzOGjO8IRUAHxaA7tInJnNFwKXjFIG5yYBSQdv6Y4Tv2n2FR1n3QdsrmKzR4HFJchpb%252FRT8ArefPH9BiLjy9s%252B73ph4GrBLdDV7JEUseJWD40Ly1Qn%252FSDl8O2KNUlRr1h%252BixqBzDZsBQ9gMGB77GlABDIsMAP7RWi7XMEefRGTMfhsl1f7ElQQq6XNyvcmiawDwWG7OM6TzmtLIGMkToNsNUL2y62B4lYoIzudauyLK824LA1JLu7c%252FtZVv1OkHQns0NA4cFHI%252Bsg9ofosGkFoh2jWCQPBFiX6Uoq1zUVank4TlUFqGT%252BXutGYxqmqrRoo3QyY27xGBj%252F3rR5UG%252BYs8%252FjIvwiAy0HBJOtsoVFMYwmawgJwd%252Fx8iXrLKi%252Fnejf3sfBw%253D%253D%7Ccksum%3A154370174284bc2136cebea048d68c5e436ba0d5868f%7Campid%3APL_CLK%7Cclp%3A2334524,ebay,adidas Originals Mens Top Ten High shoes white,addidas,All Sizes,$110.15,,Men,White/blue,+$20.64 shipping
https://www.ebay.com/itm/Adidas-X-19-4-In-green-soccer-shoes-EF8373-grey/154391319019?_trkparms=ispr%3D1&hash=item23f27091eb:g:HeIAAOSw6mRgXpy~&amdata=enc%3AAQAFAAACcBaobrjLl8XobRIiIML1V4Imu%252Fn%252BzU5L90Z278x5ickkxGz2ccqatkEnoeekHqhLkcX7LS3CFazSbPyP20YXvEzB%252BWmNIUR7xkPVQDrTKmFVDy%252BuMfKyOx0R6z360MoFpLrgvNuoKRv96COJcZ6MzOOvcNVKPBUgWCnm1ar8HePycAWCnkjIEHL%252BPVUSCnOAYEg2bJA55LCBISpIg3vAikeRC9rZV22lFRsNb3mhi9sLIbSLrizXdHy0asXpIN0kDi5b%252BENQUg%252BpFxVIgCl6%252B3lGcWDxBlYfAZdVQrkHdCba6pDCYxZzxLGXlOVYlUtn6YYZgVyJwUds1Ji1Ldd2NOntuFXtIzfj74zFyD09SepiQkIJSPEu%252F1ShXaMJlBZh64moVqdUIVHJbMLeIYD1DSUDr4I4kSKy%252F%252FNyNwGJSiGFxtQwhAFIFMAc%252FM93qhQ1bce%252BAl67tjJv0oZHLfll2OBBM86tq%252FAut2OzatGwq%252FljogJDYnpkuAT14rR9E2Z8HQcw5Nnfx8JrIdJ2wdKSwGnUv6CTtdMa3pKVJMcBbXSjuKj5ICVpfZq521kPxLiA6H7uMbeRhAsnGmDbWY%252BUXtwcKV29xERsf0uy0uwszBclna1KkF%252BIuHRrxiHUaS2g0rdi6atFSGKJc4M8Snm1dLSwPh3WniWlNLrpYtmwGuBJRm67N37Ygk1JkQZ3eK%252BfePenhcm7DaqRq5%252BgP3bEm2naaBGEI7XTmGRuDIhWvh%252BKzc6VdLTQkWP4%252BSjiLJE0j1wLwvzFHKc6icUD5V8cAFKY3wAlEwQSV%252Fg25N0Qexvcb4h4x6r%252FCj%252BFq1PO%252F%252FJT9A%253D%253D%7Ccksum%3A154391319019bc2136cebea048d68c5e436ba0d5868f%7Campid%3APL_CLK%7Cclp%3A2334524,ebay,Adidas X 19.4 In green soccer shoes EF8373 grey,addidas,,$88.03,,Men,gray,+$6.10 shipping
https://www.ebay.com/itm/adidas-Originals-Jeans-Mens-Trainers-Grey-White-Suede-Leather-Shoes-All-Sizes/153896586475?_trkparms=ispr%3D1&hash=item23d4f38ceb:g:goAAAOSw2lRelFhP&amdata=enc%3AAQAFAAACcBaobrjLl8XobRIiIML1V4Imu%252Fn%252BzU5L90Z278x5ickkxGz2ccqatkEnoeekHqhLkfdwrHagPvaGNSxs6e7S9uR8y6FHSeearRqx4NcWDgVnZ2AuL4bYjH9BW4YKkLTtqWUenB9keSGR%252B%252FYlM4Uk0gXrkiJ2TKFx4pLPxs1QiFqcGGeHSSqxeTEbyoHXfwFLpAClTeovsOzbB6Dc30NDN0VBu1I2ipCQsbDSuWZXGpD164SLSg0JrqrR1syZcDNtCIITd4HDi%252FMImMISEjUQlmKr%252FxmkAoIW0jds7QbF5e1ZihjfZ9ppn%252BQHNECbcijdf0tH0bZC2KsywPmtY%252B6kX9oKJfZISjmj25ufkAMfHU18JiQ6%252BnI3JhiMksThFPRk2tksls0eXSme0TjidMLiAzIFUhUzrycZapN8dHBoOnxKqAYf9PDn0llk9v9MDyaEolO5smNbSu2gIUIIcsNLe5LezWVpOyeSp5TpzOdnwxHKxcW2GBId9XhUwVkSxb5dsKlMHsbA8FIEK4FLaI%252BD%252Fe4dMUboRmHlCL3Sb%252FMzQjfOksxGTLNWjyBOu9qkGCR7NYe00rNvQvRzpwXxMkwQXn6c2Ii0F6TUZyDX9Y5ymePUD1GbeyK%252FWu5op9msbejWdXKADjSnpv%252FHuN3RYdLunJBdZpnyxSHnRP%252B81dFyWF8cNCPDs%252BZR6V635rT4ovyo%252BfRmPVE5Pvt67DxANb05xpFyJnG7pL7Yk0COjUi5xlq3IOpDGhKnRh%252Fwbu9%252B5qFdxCYScYTST%252Bg9v%252Fb2fK5O7bTSFsdghrUwfCWIayV3rwq1mgm0wW%252FKPPPlPGqEr1h3Iw%253D%253D%7Ccksum%3A153896586475bc2136cebea048d68c5e436ba0d5868f%7Campid%3APL_CLK%7Cclp%3A2334524,ebay,adidas Originals Jeans Mens Trainers Grey / White Suede Leather Shoes All Sizes,addidas,,$137.69,,Men,Dark Grey,+$20.64 shipping
https://www.ebay.com/itm/Adidas-Orion-2-Originals-G65615-Mens-Shoes-Athletic-Sneakers-Red-Vintage-Leather/294080978564?_trkparms=ispr%3D1&hash=item4478979e84:g:6hkAAOSw7gBgWjI5&amdata=enc%3AAQAFAAACcBaobrjLl8XobRIiIML1V4Imu%252Fn%252BzU5L90Z278x5ickkvjzWOStkxwnlDuxSI1PVVh3Yt6QVVtvWHUh7BU886nf%252FSLSQOgsvyjs5h9Pzh5JqDc%252Fw9uxBOgdJ3RhCJLLO3z78HdheWFImjPGmLOo51dq2kzWYWmsfG0pKIbgfMFk5Yym8oTpEFqB0lzEmpUwCD90BTUo4lJPn4CE2wSS7DNgIMyrqukYr%252F%252FpT3qVNZ6T0XbAaGit8fk9VP%252FD8S2Wl0zz5sMRNBxZpxWqkB8RnaQGqdix1FdkOrObTGx6ePPCrEczesOjckvwfyrgZX%252FS790aTlXNfR%252FmRrbrHABhXW1GYFEX1EBHAygQC8rBNWgqPC%252FhU44UxgVz5XAwu4SUpxKRmmYh9vrD4cYNfUdyTt7QmnZL1IAZX52Z6cPTJ1XC88vCiWVNbVtmcSdfDnlbDpicW7wiQttonp1FrpkGw77gGkEVnktetuTkDPy4J9csCSrwzX9L%252B2xgKJXCW1wbtV3KT%252F%252B%252B%252B0eXd%252BTKbpyrdsWau6cSGxd6Euor3PetxFC3eSYdJLMxaTGR7%252BKP5Dmm3nA3NGTHj8KO8zfdxSRUuZMu4wMB3%252FLZaGuU7bHLLmfwX0bEFA8fx67Khb1T%252FNgmMpPC%252FrR8B144j6DUHGqqKml2742juDDmUgJuZHQ7Uc1l8Z%252BGNNlIhWO2QLuykdJYoNzrAc2TusSywBa%252F6Yqzf94IBGV5YaE8eqWb3%252FmNE%252BJ3JPeF1y7%252BrkoyXvAIGOxzcbqyl4yLI3heyfv2d5Db9mF45b3LZXQBiQlijIg%252FHbxSt0iUsz1iGwFHK4b%252Bp8EiKSw%253D%253D%7Ccksum%3A294080978564bc2136cebea048d68c5e436ba0d5868f%7Campid%3APL_CLK%7Cclp%3A2334524,ebay,Adidas Orion 2 Originals G65615 Mens Shoes Athletic Sneakers Red Vintage Leather,addidas,.,$84.99,,Men,Red,+$21.00 shipping
https://www.ebay.com/itm/adidas-Originals-Mens-D-Rose-11-Mens-Trainers-in-Green-and-White/154396134867?hash=item23f2ba0dd3:g:YMMAAOSwgX5gY5NP,ebay,adidas Originals Men's D Rose 11 Mens Trainers in Green and White,addidas,Standard,$232.01,,Men,Green/White,Free International Shipping
https://www.ebay.com/itm/Adidas-Yeezy-Foam-Runner-Sand-Size-6-UK-Unisex-Brand-new-in-the-Box/203327681722?hash=item2f574634ba:g:Px8AAOSwRbJgY3wh,ebay,Adidas Yeezy Foam Runner 'Sand' Size 6 UK Unisex Brand new in the Box,addidas,Standard,$399.34,,Men,Off White,+$27.53 shipping
https://www.ebay.com/itm/Adidas-Aoan-Vintage-2002-Shoes-Size-11-148237-100-AUTHENTIC/402771140638?hash=item5dc707e01e:g:6VkAAOSwPT9gWNmH,ebay,Adidas Aoan Vintage 2002 Shoes Size 11 148237 100% AUTHENTIC!,addidas,11,$49.99,,Men,Brown,+$41.50 shipping
https://www.ebay.com/itm/Adidas-Tmac-Millennium-2-Basketball-Shoes-Mens-Size-13-FV7935/194005671279?hash=item2d2ba39d6f:g:6IwAAOSwYdBgY5MC,ebay,Adidas Tmac Millennium 2 Basketball Shoes Mens Size 13 (FV7935),addidas,M,$100.00,,Men,Navy Blue Gold,+$34.00 shipping
https://www.ebay.com/itm/Adidas-Forum-Mid-NEW-RRP-149-Size-UK-10-leather-basketball-retro-80/333940442894?hash=item4dc066c70e:g:MEcAAOSworRfZ83s,ebay,Adidas Forum Mid NEW RRP Â£149 - Size UK 10 - leather basketball retro 80,addidas,EUR 44.5,$89.49,,Men,White,+$15.15 shipping
https://www.ebay.com/itm/adidas-Originals-Atlantic-MK-2-Shoes-in-Blue-and-Grey/154396056221?hash=item23f2b8da9d:g:sEIAAOSwfd5gY41I,ebay,adidas Originals Atlantic MK 2 Shoes in Blue and Grey,addidas,Standard,$110.15,,Men,Grey/Blue,+$20.64 shipping
